Temperature,Time_hours,Molar_Ratio,Yield_pct
101.23620356542088,44.90808570098726,2.555398786515859,12.09337621365316
118.52142919229749,36.80481831720602,3.6257028421350745,25.20966912510652
111.95981825434215,25.476380814316386,4.618837507629225,17.048361985105036
107.9597545259111,50.68975098534743,4.196674659228684,27.18326654183797
94.6805592132731,44.23655862769397,4.419683443584349,21.251959830620716
94.67983561008607,18.130846967244565,3.976350100132152,10.436012346730056
91.74250836504598,55.546359224692125,4.076829693553558,22.690507738589044
115.98528437324805,51.12686214615845,4.547586954695958,35.76575968596641
108.03345035229626,57.4899956645962,2.7490040265775577,22.951117314440545
111.24217733388136,46.285975419418,3.4682748909294214,24.835499645251744
90.61753482887407,40.6707597967895,2.6636283254588067,11.225823773331165
119.09729556485983,30.912151814530944,4.9630040239899404,26.363495089973746
114.97327922401266,56.63642416770066,4.83217801905984,39.5419208591508
96.37017332034829,53.30319447502042,2.1182804341055177,12.730492019581575
95.45474901621301,12.26093350530947,4.116725517547065,5.036849527618035
95.50213529560301,11.3183487248626,4.775744952246997,5.915749299310682
99.12726728878613,28.82316834390248,2.5417260353820006,7.419712042270003
105.74269294896713,50.52766653909165,3.7038356916578885,24.726726262732637
102.95835055926347,59.363806465747224,4.746464892764125,32.2120433767433
98.73687420594126,17.52084455517641,2.1018379357573966,3.5402050138220162
108.35558684167138,39.70653576760675,4.09226080174052,23.22180205337655
94.18481581956125,29.044542831551077,2.8920470221176524,10.519743433864463
98.76433945605655,58.49571989073016,4.773188586129591,31.20516044517914
100.99085529881074,52.105946156785436,4.913174735496103,27.946335059036734
103.68209952651108,51.91643523555689,4.832799467340301,29.6136437054974
113.55527884179041,33.434657989748516,3.422642649972391,19.417886251207722
95.9902134647508,30.74097511688326,4.58612795296794,14.577808186099107
105.42703315240834,23.670353596535314,4.5336481956052115,14.773513438407278
107.77243706586128,12.818774832546357,2.9573014197297667,6.408137614468197
91.39351238159993,53.23611881275266,4.486746422452033,21.14783658847371
108.22634555704315,50.64505045650388,2.111022904146478,15.896277655901097
95.11572371061875,59.98588366430653,3.7888096354461593,22.02443616665578
91.95154778955839,59.831841853695266,2.6900265118631093,15.151802505182296
118.4665661176,37.771585280131376,2.3617006573318364,16.277543988153408
118.96896099223679,48.44937075902553,2.2308596048876277,17.54716377342009
114.25192044349383,57.238286494121404,4.0888663276344195,34.94812034522196
99.13841307520111,52.482369533870575,3.0196248913041983,18.658180324355396
92.93016342019152,22.36740508715988,4.174300314586285,10.293568594043036
110.52699079536471,32.52720676550467,2.196069022396827,11.559193926874366
103.20457481218804,16.45797075757475,2.945871013491831,8.108253451153542
93.66114704534337,57.70255136293612,3.6184738771260117,21.010894881060498
104.85530730333811,40.308731722544,4.372169494516891,22.735209155044043
91.03165563345655,21.432140275173136,2.9562575087962095,6.4659279880612015
117.27961206236347,43.58503422029283,3.8776741293110275,28.123573902365262
97.76339944800051,40.90641202289479,4.657933244708561,21.3740456986369
109.87566853061946,27.908135901642027,3.847589564546914,16.38986468875223
99.35133228268234,15.677879609981451,2.698878424260901,4.696997556555529
105.60204063533432,43.57865977963998,2.073202344669614,12.16920958314258
106.40130838029839,36.01538504518966,4.61029662170279,21.246517027214097
95.5456336657658,48.61591958678196,2.0638082325511613,12.958240893949265
119.08753883293676,36.008175055599665,4.624105018052598,26.716005000844145
113.25398470083343,52.609075015927004,3.586811402081636,27.770817283444984
118.18496824692568,37.595341938724275,4.817203095538689,28.900940540739075
116.84482051282947,38.04689857676931,4.396349707320996,28.057695781290615
107.93699936433255,53.832680132917254,4.993802331600012,34.625712173190145
117.6562270506935,30.17414331061985,3.0521354463551305,17.46943752918439
92.65477506155759,16.700761422532036,4.301564866793381,6.848255060899476
95.87948587257435,11.439133815666949,3.2057927408277265,4.570054275497406
91.35681866731615,47.75686278368095,3.4396268609117264,14.941058446540547
99.75990992289793,41.01547756767323,3.8825163896551103,21.17178534611746
101.66031869068446,45.20398840496118,4.621031342559016,23.991991482620723
98.14047095321688,20.648208075445538,4.9522504075978855,12.500446070440498
114.86212527455788,16.818573779338486,4.304820241593554,13.034926259970687
100.70259980080768,10.727233283394096,3.253300346502001,5.038371648825438
98.42803529062142,27.529377940329848,3.2640710068312107,10.687190653274282
106.28088249474746,39.49588434273166,4.212746904766675,22.5088602582643
94.22772674924288,29.612202254986617,2.7163314373049072,8.81249953719701
114.06590942262119,31.873746101186452,2.3314223393941838,12.387287973115795
92.23651931039312,55.20793472468742,3.0638664729223297,17.583733094952304
119.60660809801553,27.41277335116502,2.861716974962245,16.643182284579055
113.16734307889972,35.69947445799054,2.8889243613679705,16.14712518324557
95.96147044602517,49.18265063705715,2.70082325314973,13.350158603042432
90.16566351370807,29.827139116063506,2.1262795689090854,6.089740270968221
114.46384285364502,41.10433501139367,2.053621804200241,16.788025345163298
111.20572031542852,53.11818543733726,4.963167169208095,35.43264116720801
111.87021504122961,57.4760311828821,3.283319401207587,29.47914432952497
113.13811040057837,17.353674046451896,3.152979941479045,10.914517213175987
92.22133955202271,56.32938125807472,4.03894184807921,21.125619726563656
100.75397185632818,34.60581465397691,2.6547616635951927,12.301862200470131
93.47607178575389,22.91221941494792,4.8498835518506755,13.290160851390832
115.89310277626781,32.95678781191307,4.3590350432466565,23.103551258031548
108.69894380482674,59.00162876427385,2.2682330069367787,19.32314769542666
99.92694074557947,34.63090469964348,3.252742327354785,13.340597034479464
91.90675050858071,26.437580514375412,4.6373549226864945,11.210178507367964
99.32946965146986,41.67004271583629,4.834196066874231,22.559957048894187
99.75549966080241,22.007280938909652,3.402204533749609,8.221786425545144
111.88818535014192,13.793166405433196,3.840234167632123,8.78849045884601
109.12672414065639,16.44398609553246,2.5011018382762256,5.743195438162284
116.6163822772898,16.40229194788862,4.973505878410929,14.502550811636324
104.16644775485848,17.595134675614716,2.6950151041503303,5.187115784631317
93.58782737814906,16.941358632470507,4.828195322405377,9.08191577366183
111.39734361668985,42.04373724016073,3.9489399469771054,25.59050090481131
112.82355145850693,19.09400421995724,3.8232103846365773,10.06825021434347
106.83831592708489,27.28336416619316,3.538065533049526,14.364399428645648
113.12901539863682,54.839420495300594,2.692009435153276,24.23382867838773
104.81386789093172,33.69808201314362,2.529584096016525,10.746431655095595
105.68198488145983,43.37788692605136,2.661458627210526,17.793760712900454
102.82623055075649,18.615993560081492,2.5593147864327634,6.994282602379138
90.76257380232286,19.61445094043354,4.33875342070026,7.651612339265755
93.23674280979914,12.043430813323944,3.0503757775001903,3.9325759440685855
90.94287557060203,18.446753153608228,2.173528029690189,4.609450488928467
109.09231233791341,23.929516951597932,4.907307890422434,17.558759090102257
99.43067943228979,18.85052421383734,4.651357654890277,11.42383741228938
105.25712073494108,14.43512668785278,4.783256849585639,8.971409544068845
117.22699421778279,16.031793555030042,4.984723467939306,14.30843815192396
97.47876687446625,33.03893840163629,2.521685747658462,8.471263377137431
102.31148769106889,20.316685920289625,3.188726056707976,8.620845334234895
112.66653415629146,28.213493052403773,4.274715427112274,18.177586448504474
96.86394496474867,35.17086354274284,4.088061854161377,15.459461990906638
92.30939729486379,44.51974143146826,2.461687719019565,12.369172973770235
98.69254358741304,11.965606992054948,4.447499374971853,7.724732047634153
94.83663861762014,49.97051994545213,2.673321715509982,14.978272548797273
117.8909295702772,41.39501947454539,2.6714528444678693,18.124014500988395
114.24361138693251,14.087951597443595,3.610923268680241,8.471253268816218
109.0021126953127,53.67893120533886,3.7788198045251096,29.415885054356217
116.14381770563153,56.04362002659066,3.7402586235134336,32.590975059812635
114.11016230697344,13.053897992743188,2.2744605121932646,7.533670299327465
95.59710176658108,23.843882407360187,4.632382587891141,12.676925677206777
116.77676995469933,50.31006398965307,2.7968001277661183,23.570870561176804
106.18026725746952,47.41298451918292,2.3885447638484125,15.688707768861194
114.22320465492187,19.226050967818864,4.6662442396069315,15.102319919374509
116.88273899770479,20.467466166835514,4.86695449468926,17.0587524076792
99.54010424915592,28.5236051395691,4.586382851796352,16.545668527231992
93.3015577358303,34.226149259551065,4.428548224174634,16.4427001818589
96.83805487625825,40.9127385765148,3.965725941917065,17.27794198000208
102.8132336587877,28.445681978488622,3.6525721118274177,12.449486683915815
114.54044297767479,33.12673580665739,2.2609602797342303,10.894027661837221
115.82191749769031,47.37354690668783,3.2253596392120962,25.2549255062178
90.20856391593573,11.834160144529895,3.118065551036942,2.54407308840051
105.32241907732697,22.621847217201037,2.7792613512809785,6.908337597134585
102.52233009446337,45.66747929422762,4.170260341065755,24.045990142107563
96.66323431412191,54.76034188435997,3.487627205236312,23.30952945354788
93.59596102001048,35.58387210578331,2.243138647722944,8.544783989755707
100.12845514210883,36.60567426326578,2.6605496058494342,13.05282538597368
118.28729111737557,15.358600566988802,4.049776290978787,11.46486181631938
99.69608796062266,32.37061834117273,2.2283925784709004,9.004594041477338
105.56371865230098,36.63086332275115,4.553620742146306,23.2986000254633
111.09056876685534,22.123525181736483,3.485439581041923,12.016027660456762
100.90888807137881,23.462161547469048,3.441759731979944,10.694246383797358
119.15346248162882,28.864208155231132,3.777223353978553,19.6656680558093
118.87341884826334,11.003559888886318,4.474042897775448,8.541094673884569
97.55346887476092,26.103958279158913,3.043427623706579,10.458383192368
104.91745517677157,20.572400349827234,4.034048457677191,11.509733419806473
99.02634929450309,26.374867608895734,3.697195891987373,11.157905886791523
98.54521483132403,15.98810659096256,2.801084810508264,6.128130385704383
91.10660842063598,54.52636403699475,4.635889959065474,22.158312158309915
108.2869300193969,39.67962267770243,4.392278064820784,24.489188790992717
105.08037069686584,43.95511595722448,3.9753555039752766,23.083931528307527
91.54436253749968,49.45856193036691,4.551745187282726,22.16402557720887
98.35939392709834,34.92210994645286,4.601882602879407,19.049712740572364
117.24797657899961,14.346014404371186,4.125088930145104,10.653518571304533
97.18685672000917,36.85532709092739,4.511039985091016,19.441328835459206
94.3468461627367,39.342055901043956,4.092414385007851,18.224296811976895
104.68358280832689,47.271973709216496,4.040422315280901,25.317540583046906
119.56951362331802,31.58297731148397,3.855834134645553,21.489815387566495
97.26165814534501,16.37901513977819,4.258149918672924,6.986189556646451
110.16406642217636,24.188795289936223,2.4758153158792213,8.463735787097644
112.84858845986153,28.154114819931756,4.642612277596785,20.26198306264717
97.12912631977198,42.295862066580064,4.615530583235696,20.85416317044146
111.84649045835579,38.53891523344559,2.0877418491036774,12.794671583790121
101.03349398157759,27.80483629489231,4.477450251694288,15.71394345986667
108.96917491780738,59.32576243964898,2.386609602420336,21.164793833404765
109.00589132282684,40.28874096784436,3.0053565627774255,17.875376331820604
106.07324052224276,21.861339586799723,4.230524768874823,13.727501749635977
92.70869310163225,15.089123631020186,2.4822796881449247,4.065940544473098
115.05907486767714,17.6429569592166,4.453901072357187,11.454636596197783
99.62340194915208,22.297886419225406,4.496402533873226,11.463518728451092
95.59555531199562,18.034068662977784,3.5224032012825086,7.11602542182669
91.22325424664292,19.328351202565287,2.0191576151505006,2.7707503639626463
107.72678829564725,24.254758434692356,2.8611143995247383,11.052433791594098
110.32693085526847,18.66867976473774,3.850780755127227,12.891765690413871
90.49763486783569,54.83827123132126,4.94355853408227,25.30658648520312
105.36279174897842,14.01168728308211,3.8954405810500052,7.708415369942607
96.79487325593814,36.22556947851273,2.7794107431924795,13.107733959342417
109.35518371228349,30.519841349483077,3.902017109298834,17.941022907137363
95.23099287014975,59.11893084543032,3.6199561391475665,21.885860208415327
110.72813214307398,15.601945108402617,4.339536185453431,10.204091345279766
101.60206038901612,29.892779952287082,2.320941916480875,8.870283884920092
118.10189966210203,58.473521663768445,4.2830837075060835,38.045070611820115
94.1256283243798,53.275356294699016,3.6237997360283307,19.88714446583499
100.23199053150776,50.853603547464,4.888976011576984,28.51355676444151
93.40420563721767,22.89514135224699,3.025616498116058,7.42632286901353
117.74080854835688,18.54437936950329,3.8978656794018445,13.424889889807492
116.32018060142943,43.43216099622155,4.796084316530052,33.55654486990352
97.73824883145467,56.46879945637929,2.3075291839720378,16.06805877806439
109.79952138102537,37.83814465069649,4.811685461709353,24.59795917175465
114.51666600603647,38.580634473494996,4.0636571669024395,22.237232147893554
106.65602434798387,23.998954683014208,2.203511177315516,8.829423006955324
105.8895173506802,48.47464665959684,2.902890700840449,17.99891495337277
97.25556872701355,19.352187427876167,4.124516265935845,9.212074546958688
92.79308303417697,26.183961820212183,2.202051804406315,4.938037232692417
116.91647273859981,31.27182193082084,3.74651138052882,18.128765288577995
117.01254171489991,35.38051893422275,3.03764917085887,19.01518386868014
108.99304371819804,22.12048662075401,3.8627465533024314,13.783481116904804
100.17089373146102,15.741841236960177,2.1372261014375384,3.8285355792003832
100.47628723837983,40.53100212208163,4.614610418457129,19.711614508146255
111.77867036610718,24.43152766201279,4.920466907532191,18.191207511030985
116.9133077985773,39.06191107113061,4.906633565857074,30.875221512703007
116.61259272795351,17.718135763710116,4.248955495228774,11.764741253005932
113.39626637572871,34.05700509274087,2.3902587203918957,13.67168957582816
109.26094938462863,36.62947162757929,4.274789587787067,22.656739375463452
92.52419894985147,12.591176841121346,2.0737607493764045,3.370406999708388
94.84886142283841,26.830213909696027,2.0663706545869918,6.3567854347463495
116.95662565581237,16.72073384694871,2.970830657448624,8.026839257754709
108.1928717897877,13.168748523638387,3.465929571213997,8.266283261228725
90.27591154849888,59.49801161949726,4.311222253423379,22.64900097213057
93.04414628598096,26.117692248736148,4.049886129819516,10.970281906790335
109.90505307324167,50.493722292731746,3.337708119130245,23.515217765654914
90.15184751538656,22.73203273818819,2.8208799988449975,5.798316064769928
94.82424154252496,44.075136111196464,4.991373500473133,21.652408427014024
106.46201368099759,48.011392994484325,3.278543906707919,21.461228364217295
110.7568559307808,39.781937030392214,3.3541610729890263,21.920597368660403
109.55883778507801,33.57880942750792,2.4908714635750075,11.533112240649142
96.7280792838168,30.592045707363425,4.384428646249788,13.530022431672872
111.36537664042608,27.443413327149766,4.081046677344466,18.9207061730014
97.117472624904,56.476457212391296,2.662308838366281,16.765808870928222
99.76199094477803,51.530970389386454,2.2471431368475283,13.558957624065446
112.39474215354073,58.251345533325626,4.041497906224139,34.75206416033014
109.48898697141644,16.214861174277235,3.9635336428434056,9.453615136327294
115.47670231482533,46.54337376018221,2.819778580994628,23.374996728790826
109.7283867690103,56.91702284105189,4.852590686751231,37.41207085385554
107.04925810006415,19.061653308283006,2.4531736753427005,6.583284652912558
92.81024303484277,13.324813368338875,3.2970044031278056,6.848436318888636
101.03147409178301,47.056032464502955,4.830847760502797,26.11629397070752
97.95607103045177,38.7236556589956,3.259181950778367,15.50026888368767
97.3196893013725,52.0914388379136,3.9155778429922568,22.70949048504534
119.19031664257336,16.988618831314476,3.192783193888383,11.450793075320268
101.79293174000281,49.76336559299451,2.82264560704601,19.33402516006171
116.7613966553134,20.081366002387227,4.951932943879484,17.182803873550235
108.93415877991788,18.182797143285224,3.228002018945129,8.37639593250983
113.84433910624945,18.213289896549647,4.682297611037403,14.65228472208188
105.07911279315576,50.728736011569104,2.6898638176732588,17.860805612837982
107.30711653879078,43.25986103481001,2.63931411207525,18.49013712610195
104.77553081456591,36.153271238455964,2.093402248653534,10.81778258922213
95.85728963394133,27.941524206175124,3.955000476127655,12.008009858424701
111.67356345784516,53.86002704065541,3.1055790311712834,25.21666742401239
98.42317087322567,29.622255371131768,4.593074749518911,14.64488970295065
90.72947899294361,50.82997197357886,3.4196297200746715,15.338016591591881
109.36416887721504,31.95674542851092,4.904580283744165,23.933330620958177
95.31332038221147,28.84722147124538,2.5565765471093633,7.658167010782592
118.21375753058743,33.13398928348032,4.605869503866833,24.584386419189226
118.61785731007762,25.068893708207106,4.329790558375225,19.6470900764448
117.44593170661346,47.380469008812554,4.312765533932156,33.56696427898709
101.10476100766333,35.13601950462396,4.534349684350663,20.329911302882817
90.46369849586603,21.610634757340865,4.2830719728289965,9.966912786763553
117.84955687763176,54.978728663728425,3.8786609648942463,32.957907503143936
102.84552444951943,29.19456106866057,2.3937346330471625,8.077006611433397
118.99964457131009,37.177643055699434,2.0975785384737557,15.719737044009044
118.90859931267758,55.32360554822735,4.762543543447061,40.06910082295731
115.5902836640208,41.21189979569961,3.849950943562214,25.22192831782337
98.83346676208757,15.844902035418205,4.389611872928529,9.938070069073378
101.55293185805776,56.991606180673756,3.44456705453765,24.36398399033595
115.5341001455057,41.38540265357089,2.3519245668871833,16.943985904768454
99.50766015468832,26.745280732854305,2.3755573766076514,10.1915831379157
95.08478240058278,16.963603633169363,4.056695861686914,7.089148309776753
106.70403787375051,49.7012594635148,3.290917684698388,23.407877576223758
118.08464322482342,41.00363779642568,2.60157418010101,18.717427900009074
110.88089390024919,36.67305459881608,3.4747836402243104,19.705266450648253
107.10183510268095,54.69462915254788,2.192626811225402,18.690978071206008
92.91529481312305,49.42986056122654,3.7459142057431962,18.892517514912633
108.45021680097508,17.583743986637558,2.806980213305293,8.200096729938206
119.7016155031279,25.586103389777413,4.392677301911565,21.114222636111133
94.20252045709572,22.424456990723286,2.9310858767707213,6.854710103118926
105.5498895709121,47.19731462863385,3.3656604472454035,20.591311371497753
116.32119215783867,11.676621736788968,2.034861619724302,3.3178611989620146
112.22305853262614,38.49448424356582,2.2173406633836765,11.840881117746886
110.91047222985804,48.122934287034525,3.1774806692200546,24.91172697985936
111.07452251961328,53.838281838087475,3.4398165041513704,25.939029609579446
100.78473453659265,27.104087435795375,3.8000616443579114,12.844990682580846
98.8077553279348,51.06286523360064,2.8749877361279097,17.01949081564873
114.28083466435541,15.531586847760362,4.0849456583796275,11.152621188512049
114.30340184037541,52.32261458672591,4.580367191567614,36.011938399551305
116.01216955740311,16.37443311659912,4.339552966680049,13.285060551291359
117.39721657669413,29.864364528018363,2.1188564760450714,10.819428617451418
105.34027196582814,49.86476828897768,3.441520841773487,22.67854450598351
105.04548884061599,17.49587136743869,2.3147905352545246,6.182409216567337
113.94885536900325,21.462569761632075,2.7261350475875825,9.738482063936912
109.49891792333295,46.11262841965331,4.959987779801439,33.04156296948585
111.0590063177311,46.00182682730372,2.4274866287045396,17.79974466332061
113.87378008308303,42.057381644264865,3.496664460354068,23.944455289715066
116.70016025452699,44.697422223355,3.8544672029543574,28.454863300533304
100.13985470554607,37.13622216737981,4.107394911632312,19.63446053109606
101.26748857919831,22.589952945347637,3.678946050460742,10.983851486537096
92.81945819522608,27.284799675195973,2.029312542257551,4.580672557727871
107.34840422988522,19.079885840071285,2.9793839247319758,8.980920416214548
91.07826821390226,55.422528066681416,3.553134930154134,17.802537004984814
103.96794054397381,39.16958973830602,2.2635994974345,11.657113230411346
106.2793390412273,30.042570838181994,3.051880793627542,13.775590060862609
98.59623756384853,33.100290182206635,2.0996093263741,9.791375719794374
107.72499781707032,57.36416698059077,2.2357354914650625,18.477164584115137
90.91500749817148,17.66757015580401,3.1907698286047883,5.952570869175533
91.12044566247643,39.31149160083986,2.3981472621291813,11.01880319146169
114.67801681978975,35.2944339442233,3.7026225447846746,21.434751297332607
100.80571924233789,40.572711771732386,4.068394907411797,22.711801180352996
93.81181537955655,10.905509191042025,4.401760097327249,5.832035850161254
105.66729780164414,53.606195447207575,2.6004507327344304,17.359035892361067
113.09980659295832,56.60591412418062,2.502447746777209,22.929745019251158
96.47463082490529,38.25665917946044,2.313703521003201,10.584091310372028
108.68671427457001,44.83254119384461,3.90929074863091,26.045703498363853
92.56042394981304,56.124969058864785,4.119427179460704,22.865909394787554
91.55045163505824,45.36193171566993,2.094758434476926,9.37175810504102
105.94063894704443,17.62695214571307,4.808636738731069,10.948602345756433
106.2190536483032,38.81441800834066,2.155913850954417,11.88665193704241
109.1228970449462,40.3357523191428,3.6238890059032114,20.43530021388747
111.78274001167985,31.2065335651193,4.127181558352749,19.352923562575935
119.27556238387604,46.82221178123614,4.612907371238257,35.326394209648065
105.48901044903586,56.718350738450745,4.1422607963972835,31.639657748427975
99.68869418823738,56.278425645338814,4.405184249209375,28.35715794076194
113.8555858430611,32.541968570206606,3.0183505776284183,14.969879330922454
98.12496753786223,15.661902292037762,4.444475341239537,8.910747844442835
103.16914262116909,59.242059948116726,2.2403445391540253,18.582056215903275
92.35369144026798,51.94490432229671,4.684449968181583,22.471762459414933
90.76052230246373,16.233134060163344,3.6427771284612085,5.749102891408264
118.87945244033776,56.04209413086862,4.451893309887481,38.73169841763915
115.07940361536618,53.49481810310641,3.3569548535549005,27.30149823515382
110.87922618281094,35.94190285630361,3.930733085589575,21.954328975892164
102.2685883324281,39.563771787246466,3.57920798280834,17.96646769643666
95.19882960212537,29.95013519350651,4.194768565265996,14.125136284107636
94.69311128013258,12.738081941101566,2.2448899460917686,2.365327836807481
97.50728694493786,26.759862082295047,2.1810562519716914,6.599682153136424
106.47679994118361,50.14267242990057,2.7413097020304393,19.902841624317333
111.43787768100186,10.231601150230142,2.478634040339565,3.882267483361501
109.80592130153194,26.67495858455721,4.615350699776605,20.212851190614394
98.39801690837828,29.908434679547167,2.657641962074133,9.273629819256515
118.64595841989582,36.86978014689615,4.927595767457394,30.118466983707034
112.13690750087305,55.992780820638025,3.0106873753133208,26.328066185407547
106.63062157534202,27.317299718298063,2.5463537470660977,8.82965483626928
108.35162238703057,27.347660094811385,4.369095521427438,15.756004468011785
102.5880018728337,46.87506240548742,3.9761233265026283,21.72201973473981
97.43192968503473,32.61089704449036,3.494587149359417,14.517240709649231
100.67918035953785,21.2302411469991,3.6660906528128936,9.464118535828426
112.73538331393107,32.621975806634666,4.157605334816791,23.770668358147887
90.43180465889267,17.042851018989992,2.685364223993896,3.972136705985882
93.48217921520748,18.819349325311165,4.989001748170226,10.13299211472323
91.38007926065258,34.91838863697399,4.924379486440349,18.003529145776138
91.22186406956911,30.946272475227396,3.9509770590408104,13.954551232060581
115.66381752033021,55.742295053405,2.5986273527874353,25.62959089845082
111.10973578140072,28.119694955831655,4.040684727293874,18.807514584081545
104.22521487261976,39.029417513902175,2.2165952269375273,12.997744372417884
92.93502481953004,41.61321439597652,2.091957506617418,9.707038527552431
104.74847625350498,10.654722829416682,2.773048665533641,5.0897957733858785
104.20415312341697,43.17686860083553,3.387868870217949,18.83787871821881
95.19605609730046,18.90179834348757,4.6048175162251415,8.88920375256863
103.01554947713919,58.053515873472755,4.181507209298924,29.39162406366488
101.9551420319212,17.433136387655647,4.228119563599943,9.624598509099624
108.47550294156649,30.731206186351187,3.276480003344226,14.562182060495148
109.05280952602931,14.267483403932193,3.0378049776408886,7.53789788640249
91.35912029316134,59.843712592297365,3.113116288953808,18.650491748324203
101.23837843879414,35.10975051656213,4.962948691208173,21.388117082180024
108.7757974714271,39.76925086600219,2.1203275742374474,14.289117759464116
105.09408775740263,13.353823869421374,4.6010944883673455,7.680261711010416
115.69469523564968,47.49802351995889,3.7360262257171803,27.873789075097807
109.76080894856835,20.49527965477929,3.3158462575687713,9.943411402970604
94.88803281244289,54.90271447203569,4.17577298124541,21.536735389472057
92.11706242201289,20.25698202410036,3.4600068242741084,7.146255750809456
109.27257834618948,19.534386033183328,4.620269714244982,13.655416665189593
90.79533931624866,11.827483392404744,4.702105592033775,7.062400000513609
107.5732674382039,33.60334725549996,3.2651627806203662,16.60044372292181
118.20690724274873,38.242056663130825,2.8304833917051546,17.918792843988367
107.26422533627637,13.28543197141762,3.777050985780087,9.455358365520107
101.64509778619566,48.776380834750526,4.7370900368500735,28.66041955339783
109.2986465532706,32.664441737401376,2.631986567017,13.757253853815982
103.7475867147455,36.219513466379,3.8688997506904483,18.255365921034485
106.36850367947805,32.03813734691141,3.8946806602775617,16.58077501240738
118.24394426329576,30.0381530437663,4.199339067245843,21.349287096085874
101.58307913402322,37.982016565410895,2.3947030553817794,12.93377600797915
118.83571691471742,17.762012296535623,4.147474894046265,15.337018467598728
117.16051925868192,19.096406524763555,4.727097561996922,17.345082147815162
95.8737340436789,53.089281050675865,2.539049326610726,14.397965361260669
92.08083902625496,57.305773106681634,2.712629974771633,14.195368330550384
93.0233400413228,28.665465813987648,4.914185282124919,14.504827651721259
90.54665476954649,23.537233657177687,2.5429308581284693,4.14398661096404
92.83328882267786,42.19997716195079,4.563155280108737,19.3256325568954
110.4902032024907,30.43670855490482,3.4768335693441044,16.166645295348026
92.13565945380687,11.269317783017243,2.741693223209531,2.7894466158546702
99.56926890881284,17.80762986830952,4.612249703817534,8.672309905617809
115.34625932908364,45.798611442369875,3.3359157650079965,25.075717988603834
90.69815807207478,42.94619709550757,3.5444520617890705,13.891118771274582
114.43405447766807,11.354799625174174,3.077700108199297,4.974189646481614
98.45564324320199,21.098608096647474,3.778852554304782,6.842877131582194
93.54494482864969,21.55373982940357,2.4905716177550685,5.7983253257070695
110.90211496092452,43.59463717993642,3.1732446099552822,22.693074343421674
108.86828540339653,10.985526887718208,4.9082369670058625,10.069775987807338
116.3241604058116,15.205429099228692,2.774400298103383,7.157661391732665
112.05213131411656,49.99580426865947,3.9702099936238766,28.53331161721671
114.10442791154546,18.92723310271668,2.9755701926740845,10.12705299242457
98.46103717713919,42.63730539259374,4.320419377059801,20.03657134964367
95.32318631339169,21.909139052336325,2.3926209821550497,6.287342061283792
112.51844254922575,14.972069637967259,4.909463135235634,12.840431520341527
114.20504217801792,22.158609549972702,3.3613686241509177,13.818544965883328
119.7151542600202,46.11334659278296,2.708151390039392,21.90895204159414
102.3785303073428,52.784823405314285,2.220490241990038,15.055302045411326
101.16054257378349,51.51099322834958,2.5092737152626223,15.372556026063139
113.29238882225991,29.85917648092274,3.559321845668053,16.37744472467667
100.22410620759054,43.40425682853231,3.011009529293859,15.84716298054264
117.92271976810694,20.24921477079105,4.4866500976478285,16.456200554946847
115.75238255529035,24.657386513050664,3.292662570985418,14.918638514365274
102.86982082125056,54.81679092605599,2.7461428177628897,18.551809761423794
112.52613203374491,10.650096175536802,3.85143495981209,8.422614958837471
112.63628622254046,14.275426542723404,4.120331650656338,9.534338862273238
93.09371606507798,20.394312757301364,2.5011257237028497,5.450146812980443
117.076587200387,11.326610193690986,2.502857648864953,4.503444621008996
105.15757117343571,19.071771754489866,2.110014280800629,3.4533416215925485
114.79372398323224,39.15207804848461,4.209206045196922,26.876169156373937
99.60148803091835,31.0712275296249,3.991413582865415,15.838030504277679
116.86569685488601,54.63358555384874,3.4238926272494417,29.5715700172973
101.6760503620249,50.87217808692205,4.532511346907592,27.475345544556998
90.32512954440895,27.0908675848938,4.417010458850159,11.908776278789302
117.16145929257792,22.971171671564626,3.7560630931902566,13.597074921458676
92.73860030358401,28.984620408363345,4.604813841539776,13.02515983206173
99.57940912771244,39.514747125740385,2.6175236301103046,13.54993743960954
118.50185901152415,23.403182041143815,2.3357588581931834,8.8570653898455
118.51821440812668,41.207445392456705,2.809248834550969,20.50628026837385
107.20313664369858,30.470582609562022,2.1712605682679444,8.529718334257195
108.95511636509397,37.60235904259901,3.593508584003096,20.25474824826821
103.4533656593496,31.806326456765834,4.809817076884885,19.839735805754128
98.79632315094193,24.723287977095886,2.118030622005529,4.932524190860813
99.85993636109748,57.422665348107834,2.3663297420300804,17.682828586650718
110.17555368231115,48.18028970798804,3.3565970848503057,22.96430061324998
112.5712358831304,17.005658788322627,4.801625052583715,12.522122644394972
113.74737131177545,53.42339879489564,2.9484683149302517,24.788624974561642
113.68854428383662,34.37155991247568,3.5217044260651775,20.62560828967508
92.73618309146072,54.72761134470457,2.1247185771511763,10.90079540836875
104.83260914107744,49.992762797365764,2.4450296028862666,16.757265946128808
91.72676280049933,31.26067522346167,4.959890368876541,15.552405873042405
106.48586646971206,11.12346541600587,4.8953560893081365,8.784635887198975
103.24591504120131,23.433867969247302,2.014819942803229,6.756176901333962
116.63112548274898,37.081710733043344,4.855435356269717,28.447190148039613
100.52745037656236,41.673910991307366,3.917359813446501,18.963788368937266
93.51201049282818,22.894384271660115,4.603754883560066,11.193341742528252
94.28975046158507,16.967803703641206,3.3642195669015775,5.244151596439883
112.84531895152416,51.74651183996495,3.5467880857377505,24.702758328464075
108.54654189948783,59.22010903517761,3.4665397407707603,28.702329610904833
93.03368028368371,36.28450911513429,4.0005927726383135,15.675789861940471
92.52320418344992,18.583964292415175,2.418953764268939,2.393686710944102
111.0290739437736,23.61536632596845,2.089920769618034,7.042550691475574
92.1828901909258,10.919533827373337,2.9237898247735727,3.986115234354984
114.65580177871068,55.71494032802495,4.11404228820994,36.19461280444051
111.18726681469488,15.887554144507057,2.605560356368845,6.840280435825368
92.44046341925699,38.82582377571268,4.020297299974752,14.80330224559273
92.54513142255576,23.7027610343603,4.909736138321811,11.677412546383259
119.59918735503527,37.70890012578967,2.281702147368255,17.086938780382997
101.22812387268361,42.57101941759321,4.017806354675379,20.301550252339172
101.11926441200673,51.48709018536008,3.3312506579137136,20.15064899253952
114.38398701772508,20.32106358803016,4.6044267631325155,15.118535893059667
118.41745732151577,10.549791432924025,2.531449368342158,4.11413903044881
119.58003191468613,16.844281503440364,4.0778778566784935,12.874733611060769
112.60134555776824,55.00093209240526,4.51434586894433,36.920987189981176
101.28778756592747,53.694503878125765,4.8338426584220695,30.360470955192614
92.50502150096007,39.870655108515415,4.049744084868937,15.797618772726297
113.3144074778231,40.02584302168267,3.491524292025282,21.700159036749564
106.75212749207415,43.25183372731277,3.8535417206036415,21.311871781782056
102.7266602774093,18.76856393117248,4.606714953436155,12.469145614346207
117.19063155284208,55.72059729624799,3.711829239916489,32.50579813153203
93.33592446918453,30.938526244603654,2.0911611790905105,6.756346541810876
104.77875312872578,29.156926412474874,4.7928460865209335,22.020016836518803
90.34060934302258,35.94588526414188,4.068580253094684,14.047808025116352
104.05981925982378,12.348298338752752,4.0295401573317395,6.295335967590788
91.68909827045512,18.31416843780397,2.6470254571931515,4.565495789217774
93.56453748804216,46.90168082131852,3.976656410697972,19.982370688177717
93.52578740331315,14.139933396256323,3.1815932169624754,5.016457507506218
109.4763090634819,40.15760547331941,3.9536989311244763,21.598837830997336
112.3813463779627,22.267455484066048,2.319779090923972,9.54374363204479
107.5010629529148,29.464780702098828,3.973535913809108,16.25298758174994
118.86517645423626,24.434686838534994,4.998241177312,23.18226916565001
101.24611738571112,27.783635823247458,2.144636116581668,8.945734913707675
98.57136258845583,45.95229525921228,4.931522552663952,24.8281178069744
116.0579738456838,24.85608578115875,3.220723882168612,15.174916893298608
96.70787515558358,38.32023201484486,4.612260351011777,19.515421604502173
118.89667618321835,33.80252010995498,4.34715645217482,25.913001191610906
90.36463424069449,43.18355826813241,3.7010487829600036,15.420798013325577
119.09636480122917,56.8414869662379,4.21534762775398,36.778043907447085
91.29479735851729,46.62860486051252,4.635546683904044,19.54299221003872
116.73429341094213,20.747018929537838,3.212420964953099,12.872108857059533
105.831033272589,11.559156753064233,2.9810994846897163,4.793364646517772
119.78894388357901,23.113202214991254,4.002780156690754,16.43464964488181
92.21389694206196,39.75389653501274,4.423537825823775,16.252169940416206
106.61562853203962,12.571290674212516,4.286855404329847,8.456494848279206
119.07907606857297,34.81831236006182,4.393440946575904,28.073139236386922
105.69293532510446,39.84214244584446,3.306749944438799,17.11382731714051
108.88195914405787,26.712194540848042,4.453502648525065,17.64507412843467
110.87246066953851,48.545610187291096,2.360627166111825,19.073569668264543
103.6362319430332,15.32991265668859,3.6334672938825485,7.702742373909583
108.8267424025219,13.756889086790437,2.0172759814943646,4.868595424379535
107.529429357693,46.409437810180165,2.973757489700811,18.577463986526105
117.03474031472967,34.77456581030992,3.0993846046141935,18.955945316025705
91.36339141024374,44.420119821386805,3.1885180748277664,13.575877951882973
98.42889568776691,31.74136693018731,4.086401620069586,16.293907792058604
118.51234452229676,22.32010166195534,3.1656743038110373,14.061183175497824
116.70791351672749,50.955115883709986,3.3460808678675917,30.140747570472307
103.6697025835714,49.970793948448964,2.7126323926229823,18.486659701633766
108.6039779340461,44.73482354272134,3.1197553748880202,20.562638497612546
98.32143548943398,23.607256861498136,2.6818088817894545,7.963136144485408
95.64363479171284,39.51153334345435,2.219587771305331,9.542093596111071
103.91095214819947,28.04869484700134,3.8103457801441336,14.819610871956336
100.60056684078158,14.579103666331708,4.004638395665049,7.301915346972831
107.50968335552616,55.86567877311214,3.8584710380288434,29.088642809852097
92.33203910894954,16.84093154594807,3.390482131401717,7.28582338864656
119.231844229985,57.51186769104012,3.1393573405376896,28.97964078796827
119.58632233438809,32.30028864789779,4.590000948715476,26.64742339938268
